,alloy_name,phases,phase_code,R_delta,S_config,VEC,R_cov_delta,density_avg,E_delta,G_delta,B_delta,EN_Allen_avg,Vm_delta,E_coh_avg,E_coh_delta,H_ch_M_L_R,H_el_M_S_R
0,Al0.25MoNbTiV,BCC,2,0.186927553,0.528898165,0.217355027,0.161789271,0.381599858,0.836355214,0.393790914,0.564488914,0.251810799,0.135862356,0.668996547,0.44871266,0.725146199,0.065031587
1,Al0.25NbTaTiV,BCC,2,0.175385057,0.528898165,0.183979975,0.206437409,0.518926746,0.370830944,0.182050845,0.406718113,0.204118588,0.139079987,0.722260873,0.531771601,0.758528265,0.074321813
2,Al0.2MoTaTiV,BCC,2,0.187690627,0.517104901,0.220533604,0.169052031,0.561967967,0.692125597,0.32014027,0.368505289,0.222985836,0.137520554,0.696758199,0.491077729,0.740740741,0.086213304
3,Al0.3HfNbTaTiZr,BCC,2,0.24238165,0.674992754,0.137695705,0.239482194,0.608134894,0.464282625,0.19173225,0.429038213,0.066648731,0.19786856,0.754247734,0.441665888,0.777290448,0.120029729
4,Al0.5CoCrCuFeNiV1.2,BCC,2,0.1914906,0.805542831,0.61511591,0.303413645,0.424688897,0.378446174,0.25636787,0.181246099,0.693661888,0.1939113,0.37147467,0.284757028,0.725877193,0.082125604
5,Al0.5CoCrCuFeNiV1.4,BCC,2,0.190161851,0.800118218,0.604070305,0.31765736,0.420579765,0.378678429,0.257974681,0.177799475,0.684151061,0.192868238,0.376685041,0.290968889,0.716130604,0.083240431
6,Al0.5CoCrCuFeNiV1.6,BCC,2,0.188799143,0.792729971,0.593646988,0.329336102,0.416702133,0.378682023,0.259346706,0.174495835,0.675176056,0.191693341,0.381601869,0.295881898,0.707846004,0.083983649
7,Al0.5CoCrCuFeNiV1.8,BCC,2,0.187412521,0.783871493,0.583794812,0.338945384,0.413036975,0.37848573,0.260509184,0.171325561,0.666692832,0.190413806,0.386249283,0.299743244,0.700536062,0.084726867
8,Al0.5CoCrCuFeNiV2.0,BCC,2,0.186010185,0.77390864,0.574468085,0.346860808,0.409567291,0.378114471,0.261484169,0.168279916,0.658662047,0.189051771,0.390648834,0.302744039,0.69420078,0.085098476
9,Al0.5CrFe1.5MnNi0.5,BCC,2,0.250410446,0.525016237,0.517730496,0.058426728,0.38866924,0.341212096,0.202169483,0.410070424,0.698160981,0.193615934,0.29420434,0.30936997,0.694931774,0.067261241
10,Al0.5CrNbTi2V0.5,BCC,2,0.29291307,0.488281988,0.177304965,0.311320429,0.265791208,0.244202292,0.414071812,0.393533675,0.28446162,0.233633278,0.521874655,0.558287329,0.605750487,0.179487179
11,Al0.5HfNbTaTiZr,BCC,2,0.241673911,0.697468151,0.130883301,0.30190519,0.585012794,0.474516613,0.19882779,0.432820921,0.082053208,0.201287613,0.734517721,0.485162421,0.689327485,0.11965812
12,Al0.5MoNbTiV,BCC,2,0.183176525,0.565971567,0.202521671,0.227856515,0.358859707,0.860789943,0.405263203,0.581304735,0.265058635,0.130253046,0.643589649,0.500947636,0.657407407,0.060200669
13,Al0.5NbTaTiV,BCC,2,0.17047352,0.565971567,0.171000788,0.27646622,0.488557323,0.397077439,0.194496673,0.422067059,0.220015991,0.133591287,0.693894845,0.583152819,0.670321637,0.068376068
14,Al0.6MoTaTiV,BCC,2,0.181709002,0.574137446,0.197039778,0.268315254,0.510690503,0.746275635,0.346979341,0.422003894,0.246228099,0.128587059,0.654576823,0.56967816,0.632553606,0.075436641
15,Al0.75CoCrCu0.25FeNiTi0.5,BCC,2,0.312374345,0.769492241,0.556415216,0.277819173,0.390751628,0.436697882,0.26293726,0.264222679,0.681624346,0.315122216,0.353316519,0.192849503,0.520467836,0.190635452
16,Al0.75HfNbTaTiZr,BCC,2,0.240506595,0.710825872,0.123034228,0.360968362,0.558372113,0.48552319,0.20647962,0.436663028,0.099801845,0.204631685,0.711785314,0.530659063,0.596734893,0.118914902
17,Al0.75MoNbTiV,BCC,2,0.179545603,0.581803445,0.18924972,0.273856694,0.338513256,0.881800139,0.415055604,0.595514798,0.276911963,0.125090761,0.620857161,0.542482749,0.604044834,0.05574136
18,Al0.875CoCrFeNi,BCC,2,0.269634128,0.584986941,0.561374795,0.099389237,0.396706952,0.42539685,0.247105302,0.260535162,0.723747335,0.269914628,0.344086296,0.171333535,0.584551657,0.127090301
19,Al1.25CoCrFeMnNi,BCC,2,0.282918423,0.711691737,0.517730496,0.099802208,0.372616022,0.436014993,0.252379481,0.423306378,0.707308102,0.271029512,0.301655798,0.300640405,0.551900585,0.126718692
20,Al1.25CoCrFeNi,BCC,2,0.29848917,0.582881633,0.517730496,0.091485184,0.366390536,0.484190007,0.279853348,0.309023757,0.707070515,0.296081706,0.334628159,0.194105302,0.540448343,0.154960981
21,Al1.5CoCrFeNi,BCC,2,0.311285494,0.575180701,0.491940683,0.086640376,0.348476291,0.516394652,0.298137475,0.334970825,0.69721603,0.306620808,0.32903926,0.20523689,0.519249513,0.169082126
22,Al1.5CoCrFeNiTi,BCC,2,0.359725789,0.70484495,0.430441899,0.339042579,0.316812576,0.540323017,0.318952458,0.347958968,0.610207889,0.348383046,0.350706992,0.232063004,0.322124756,0.260869565
23,Al1.5MoNbTiV,BCC,2,0.169444197,0.575180701,0.156673114,0.354159457,0.288571966,0.929137276,0.436793712,0.626422204,0.306006494,0.111767915,0.565059236,0.627595404,0.503898635,0.045707915
24,Al2.5CoCrFeNi,BCC,2,0.336042387,0.522499686,0.408619749,0.069978206,0.290599497,0.609921801,0.352876747,0.408259805,0.665378465,0.322091086,0.310982816,0.231510938,0.473927875,0.199554069
25,Al2.8CoCrCuFeNi,BCC,2,0.321305167,0.638827081,0.477723222,0.053382432,0.313095436,0.59677696,0.359412623,0.395171261,0.684168443,0.313820115,0.296698438,0.235977032,0.589181287,0.17911557
26,Al2CoCrCuFeMnNiTiV,BCC,2,0.306189454,0.976563975,0.460992908,0.325048267,0.329520851,0.502707696,0.308931049,0.390624876,0.61500533,0.305212588,0.329457279,0.368694529,0.485867446,0.18729097
27,Al2CoCrFeMo0.5Ni,BCC,2,0.317525057,0.658078334,0.441352973,0.223606531,0.344908363,0.639253739,0.324357778,0.410275295,0.64858742,0.311462703,0.357645118,0.439152586,0.518518519,0.217019695
28,Al2CoCrFeNi,BCC,2,0.327541041,0.551612685,0.446808511,0.077819015,0.317126361,0.568938214,0.328556418,0.376507967,0.679970682,0.318126848,0.319258686,0.221189832,0.490009747,0.188034188
29,Al2CoCrFeNiTi,BCC,2,0.360083287,0.683454422,0.396149949,0.323664115,0.292202902,0.579262228,0.34138688,0.379127965,0.60164103,0.343922814,0.340775948,0.249544598,0.306042885,0.258639911
30,Al3CoCrCuFeNi,BCC,2,0.323584882,0.626812943,0.464539007,0.051207695,0.304574979,0.607600283,0.36556121,0.403659812,0.679321029,0.314850953,0.294572787,0.237144245,0.58162768,0.182088443
31,Al3CoCrFeNi,BCC,2,0.339928165,0.49128843,0.375886525,0.062949685,0.267862186,0.642561437,0.372711364,0.433134432,0.65287085,0.321877794,0.303889213,0.238175162,0.46588694,0.205871423
32,AlCoCrCuNiTi,BCC,2,0.337774348,0.714373348,0.541371158,0.362858431,0.362625122,0.496859725,0.328825827,0.322866284,0.633195629,0.349414647,0.339007406,0.258895585,0.454922027,0.24303233
33,AlCoCrFeMo0.1Ni,BCC,2,0.280721599,0.631692847,0.542761786,0.142788141,0.391825543,0.469315552,0.258497359,0.289179044,0.709166876,0.282670912,0.350138818,0.260308323,0.57285575,0.150501672
34,AlCoCrFeNb0.1Ni,BCC,2,0.288626772,0.631692847,0.539980531,0.185407706,0.388816903,0.452100948,0.263658232,0.291842102,0.70733256,0.295857677,0.352739615,0.302136537,0.545321637,0.151616499
35,AlCoCrFeNi,BCC,2,0.280893699,0.585938385,0.546099291,0.09666318,0.386096206,0.446656059,0.258855534,0.278252871,0.717910448,0.280426644,0.340775948,0.179923698,0.567982456,0.137495355
36,AlCoCrFeNi,BCC,2,0.280893699,0.585938385,0.546099291,0.09666318,0.386096206,0.446656059,0.258855534,0.278252871,0.717910448,0.280426644,0.340775948,0.179923698,0.567982456,0.137495355
37,AlCoCrFeNiSi0.2,BCC,2,0.294718515,0.65717309,0.528641571,0.106801524,0.36884047,0.4533735,0.266758692,0.288863101,0.727745203,0.276568983,0.344245011,0.181782117,0.530214425,0.137495355
38,AlCoCrFeNiSi0.4,BCC,2,0.305939655,0.68796584,0.512477016,0.114972234,0.352862935,0.459049481,0.273733015,0.298049907,0.736851457,0.272692675,0.347457107,0.182967218,0.498781676,0.136752137
39,AlCoCrFeNiSi0.6,BCC,2,0.315116782,0.704326909,0.497467072,0.121602596,0.338026654,0.463832075,0.279907742,0.306036312,0.745307265,0.268829461,0.350439767,0.183625653,0.472465887,0.136008919
40,AlCoCrFeNiTi,BCC,2,0.356097336,0.714373348,0.470449173,0.356064183,0.345523863,0.49107456,0.29126982,0.307666772,0.620202559,0.350408647,0.36229321,0.20646953,0.351851852,0.259383129
41,AlCoCrFeNiTi0.5,BCC,2,0.329858304,0.697468151,0.50483559,0.276578863,0.363965837,0.472669885,0.277471976,0.295712296,0.664615236,0.328345968,0.352512636,0.197607349,0.436890838,0.211445559
42,AlCoFeNi,BCC,2,0.304893399,0.428746695,0.588652482,0.028765922,0.384825379,0.472004259,0.229717033,0.315810027,0.759228412,0.314747459,0.341660219,0.204966359,0.535331384,0.169082126
43,AlCrFeNi,BCC,2,0.304893399,0.428746695,0.482269504,0.089093176,0.34458251,0.506875169,0.293749577,0.314772667,0.68516791,0.29021395,0.328838289,0.193658031,0.544834308,0.153102936
44,AlCrFeNiMo0.2,BCC,2,0.301678597,0.517104901,0.477203647,0.179193521,0.360473456,0.556360894,0.289636343,0.340483726,0.66549269,0.290744989,0.352145147,0.356015372,0.559697856,0.177629134
45,AlCrFeNiMo0.5,BCC,2,0.296555587,0.565971567,0.470449173,0.256000667,0.381661385,0.592942535,0.282711361,0.361061919,0.639259062,0.289489858,0.383220957,0.468163688,0.579678363,0.205128205
46,AlCrMoNbTi,BCC,2,0.268061659,0.585938385,0.205673759,0.371395945,0.341852584,0.872511736,0.422127915,0.603873605,0.325,0.210600233,0.557599204,0.655959941,0.54337232,0.16722408
47,AlHfNbTaTiZr,BCC,2,0.239097975,0.714373348,0.115839243,0.406547292,0.533951489,0.494850308,0.213008788,0.439666162,0.116071429,0.207137034,0.690947275,0.56878862,0.519736842,0.117800074
48,AlMoNbTiV,BCC,2,0.17604482,0.585938385,0.177304965,0.30789935,0.32020145,0.899922659,0.423438522,0.607553729,0.287579957,0.12031915,0.600397922,0.576293392,0.562378168,0.052025269
49,AlMoTaTiV,BCC,2,0.17604482,0.585938385,0.177304965,0.326805378,0.467617434,0.789488217,0.368197967,0.463238085,0.265751599,0.120744764,0.619144468,0.625857681,0.559454191,0.066889632
50,AlNbTaTiV,BCC,2,0.161659288,0.585938385,0.14893617,0.362683615,0.436929304,0.436378169,0.21308088,0.445322461,0.247041578,0.123828193,0.645672599,0.659036762,0.545808967,0.059085842
51,AlNbTiV,BCC,2,0.180691093,0.428746695,0.127659574,0.358787726,0.230678716,0.251731127,0.115580427,0.375290951,0.291477878,0.133743093,0.545926827,0.622382369,0.477339181,0.054998142
52,CrMoNbTaVW,BCC,2,0.224052314,0.714373348,0.304964539,0.240116475,0.779017227,0.72597275,0.321449959,0.415832538,0.284981343,0.216172683,0.814745219,0.524092598,0.755116959,0.208101078
53,Hf0.4Nb1.54Ta1.54Ti0.89Zr0.63,BCC,2,0.210794289,0.505832606,0.179574468,0.057796904,0.695148263,0.445042099,0.195442431,0.479080409,0.087632196,0.159237342,0.848764894,0.355157323,0.932017544,0.080267559
54,Hf0.5Mo0.5NbTiZr,BCC,2,0.282525035,0.550817192,0.163120567,0.144507885,0.455897581,0.88355574,0.370283952,0.606325608,0.094632862,0.234430642,0.730739472,0.324182313,0.8667154,0.179858789
55,Hf0.5Nb0.5Ta0.5Ti1.5Zr,BCC,2,0.231947425,0.504742446,0.127659574,0.132877113,0.481078791,0.440784858,0.165585683,0.356440973,0.063449494,0.202269754,0.698905715,0.406233078,0.916910331,0.120772947
56,Hf0.75NbTa0.5Ti1.5Zr1.25,BCC,2,0.238329781,0.540178966,0.134751773,0.119787655,0.50244752,0.420182384,0.157598178,0.354931099,0.059941365,0.199972199,0.727644523,0.379997457,0.928118908,0.11965812
57,HfMo0.25NbTaTiZr,BCC,2,0.258441382,0.666811272,0.15974333,0.107006563,0.647810456,0.632825845,0.263562883,0.494570049,0.052219769,0.204465355,0.788301305,0.348960227,0.910087719,0.145299145
58,HfMo0.5NbTaTiZr,BCC,2,0.270370519,0.697468151,0.169568021,0.119077788,0.649195998,0.718354878,0.304134877,0.5322302,0.062209246,0.215042418,0.789664077,0.339889314,0.887426901,0.165737644
59,HfMo0.5NbTiV0.5,BCC,2,0.294371371,0.550817192,0.180851064,0.155663494,0.529558505,0.702609024,0.322280707,0.531474564,0.104377665,0.247590404,0.71415939,0.351661725,0.854775828,0.204756596
60,HfMo0.75NbTaTiZr,BCC,2,0.279653801,0.710825872,0.17853839,0.128436397,0.650461059,0.76208403,0.326210508,0.552010322,0.071330073,0.223532336,0.790908348,0.331431714,0.868421053,0.182088443
61,HfMoNbTaTiZr,BCC,2,0.286916287,0.714373348,0.186761229,0.135750128,0.651620697,0.784131474,0.338429215,0.561565594,0.079690832,0.23038211,0.79204893,0.32352129,0.852582846,0.195466369
62,HfMoNbTaTiZr,BCC,2,0.286916287,0.714373348,0.186761229,0.135750128,0.651620697,0.784131474,0.338429215,0.561565594,0.079690832,0.23038211,0.79204893,0.32352129,0.852582846,0.195466369
63,HfMoNbTiZr,BCC,2,0.303957144,0.585938385,0.177304965,0.159718756,0.529558505,0.88886142,0.382603951,0.631734876,0.081769723,0.248865874,0.741527578,0.287675007,0.835282651,0.224823486
64,HfMoTaTiZr,BCC,2,0.303957144,0.585938385,0.177304965,0.161362417,0.676974489,0.777889738,0.326506422,0.498612885,0.059941365,0.24864429,0.760274124,0.336935822,0.827241715,0.242289112
65,HfMoTaTiZr,BCC,2,0.303957144,0.585938385,0.177304965,0.161362417,0.676974489,0.777889738,0.326506422,0.498612885,0.059941365,0.24864429,0.760274124,0.336935822,0.827241715,0.242289112
66,HfNbTaTiVZr,BCC,2,0.323341164,0.714373348,0.163120567,0.15533715,0.585725941,0.399830299,0.161136228,0.38774881,0.095282516,0.279987003,0.747540621,0.377631944,0.892300195,0.232255667
67,HfNbTaTiZr,BCC,2,0.242942404,0.585938385,0.14893617,0.091206058,0.64628636,0.446045873,0.179062882,0.421950094,0.041231343,0.19116682,0.786802255,0.358722352,0.937378168,0.11965812
68,HfNbTaTiZr,BCC,2,0.242942404,0.585938385,0.14893617,0.091206058,0.64628636,0.446045873,0.179062882,0.421950094,0.041231343,0.19116682,0.786802255,0.358722352,0.937378168,0.11965812
69,HfNbTaTiZr,BCC,2,0.242942404,0.585938385,0.14893617,0.091206058,0.64628636,0.446045873,0.179062882,0.421950094,0.041231343,0.19116682,0.786802255,0.358722352,0.937378168,0.11965812
70,HfNbTaZr,BCC,2,0.261207584,0.428746695,0.163120567,0,0.772192413,0.471798121,0.185920885,0.46694557,0.018623401,0.182998815,0.866032939,0.216398675,0.953460039,0.123745819
71,HfTa0.6TiZr,BCC,2,0.226858304,0.414500827,0.115839243,0.12638859,0.611613166,0.46771663,0.170128639,0.344142778,0,0.191395176,0.712562789,0.359087966,0.902290448,0.131921219
72,HfTaTiZr,BCC,2,0.236630024,0.428746695,0.127659574,0.113264383,0.676645016,0.476750296,0.17851791,0.372777298,0.006929638,0.193660113,0.745772079,0.38097679,0.91374269,0.1352657
73,Mo0.1NbTiV0.3Zr,BCC,2,0.295149344,0.436803438,0.154776804,0.143880603,0.338851327,0.595676239,0.226617778,0.422619461,0.142669008,0.259403098,0.701610544,0.370828826,0.89254386,0.175027871
74,Mo0.3NbTiV0.3Zr,BCC,2,0.302316823,0.495881158,0.167060678,0.147594693,0.357709164,0.831554698,0.340936095,0.556015988,0.149853412,0.264377475,0.708092308,0.361088183,0.867446394,0.188034188
75,Mo0.3NbTiVZr,BCC,2,0.341972675,0.538864198,0.177964704,0.165186709,0.345534809,0.744873405,0.307297179,0.49999513,0.184964918,0.311740417,0.682556983,0.356585118,0.846003899,0.235971758
76,Mo0.5NbTiV0.3Zr,BCC,2,0.307282515,0.523818728,0.178051512,0.149874126,0.374581965,0.91738946,0.386081417,0.61186432,0.156281562,0.26782304,0.713891782,0.351947816,0.847465887,0.196952806
77,Mo0.5NbTiVZr,BCC,2,0.340672212,0.565971567,0.186761229,0.16374249,0.360324035,0.837737143,0.354698189,0.543596784,0.188832623,0.30971473,0.688589219,0.35034735,0.833820663,0.236714976
78,Mo0.7NbTiV0.3Zr,BCC,2,0.310611108,0.536326313,0.187943262,0.151089936,0.389767486,0.94961408,0.40601878,0.636039027,0.162066898,0.270094756,0.719111308,0.343360296,0.831384016,0.203641769
79,Mo0.7NbTiVZr,BCC,2,0.338985895,0.579771979,0.194809114,0.162021485,0.373854603,0.882058156,0.379181028,0.566730858,0.192371161,0.307447287,0.694108074,0.344279957,0.823586745,0.236714976
80,Mo1.3NbTiV0.3Zr,BCC,2,0.314245852,0.530281785,0.212457601,0.150664041,0.427401168,0.94162509,0.41333321,0.639685096,0.176404468,0.272173153,0.732046655,0.320477582,0.799220273,0.212188777
81,Mo1.3NbTiVZr,BCC,2,0.332445354,0.581652144,0.215308444,0.155832657,0.408319257,0.906874523,0.399713014,0.583075234,0.201384419,0.29973964,0.708165534,0.3272091,0.802387914,0.231884058
82,Mo1.5NbTiV0.3Zr,BCC,2,0.314076344,0.520931392,0.219267139,0.149656057,0.437854969,0.927100066,0.409167975,0.632112818,0.180387127,0.271799115,0.735639807,0.313680955,0.792397661,0.212560386
83,Mo1.5NbTiVZr,BCC,2,0.329961694,0.575180701,0.221147647,0.153571408,0.418136462,0.900576154,0.399004662,0.580431129,0.203951832,0.296995621,0.71216978,0.321902743,0.79751462,0.229654404
84,Mo1.7NbTiVZr,BCC,2,0.327391886,0.566756932,0.226577081,0.151259925,0.42726474,0.891372195,0.396642944,0.575940515,0.206339075,0.294208625,0.715893026,0.316783455,0.793615984,0.226681531
85,Mo2NbTiVZr,BCC,2,0.323433511,0.551612685,0.234042553,0.147741023,0.439816122,0.874526257,0.391220709,0.567088211,0.209621535,0.28998721,0.72101249,0.309442766,0.788986355,0.222593831
86,MoNbTaTi0.25W,BCC,2,0.112850542,0.528898165,0.292448894,0.053245591,0.949568362,0.678888898,0.342607965,0.489283117,0.194029851,0.068625694,0.968816442,0.272313828,0.721734893,0.04384987
87,MoNbTaTi0.5W,BCC,2,0.118491605,0.565971567,0.281323877,0.052245784,0.904740239,0.710976205,0.357116326,0.506979551,0.190565032,0.066016905,0.941097724,0.329066482,0.730750487,0.041620216
88,MoNbTaTi0.75W,BCC,2,0.122411784,0.581803445,0.271369914,0.050947157,0.864630866,0.738634626,0.36957065,0.521880142,0.187464931,0.063514695,0.916296766,0.371498447,0.738791423,0.03976217
89,MoNbTaTiV,BCC,2,0.17604482,0.585938385,0.234042553,0.088185593,0.578132354,0.703380882,0.32942451,0.468041318,0.203384861,0.135228912,0.766994584,0.411411916,0.816520468,0.079152731
90,MoNbTaTiVW,BCC,2,0.164666153,0.714373348,0.257683215,0.069125103,0.737597665,0.791793083,0.39535144,0.503326729,0.214818763,0.122347762,0.836851995,0.44949333,0.772660819,0.073578595
91,MoNbTaTiW,BCC,2,0.125115267,0.585938385,0.262411348,0.049442479,0.82853243,0.762636043,0.380323625,0.53447719,0.18467484,0.06112014,0.893975904,0.404705069,0.746101365,0.037904125
92,MoNbTaTiW,BCC,2,0.125115267,0.585938385,0.262411348,0.049442479,0.82853243,0.762636043,0.380323625,0.53447719,0.18467484,0.06112014,0.893975904,0.404705069,0.746101365,0.037904125
93,MoNbTaTiZr,BCC,2,0.267362397,0.585938385,0.205673759,0.122990382,0.587922432,0.841088154,0.365117301,0.579700521,0.137899787,0.219502808,0.800243175,0.353103722,0.832846004,0.15533259
94,MoNbTaTiZr,BCC,2,0.267362397,0.585938385,0.205673759,0.122990382,0.587922432,0.841088154,0.365117301,0.579700521,0.137899787,0.219502808,0.800243175,0.353103722,0.832846004,0.15533259
95,MoNbTaV,BCC,2,0.160703251,0.428746695,0.269503546,0.107493791,0.686999906,0.654033762,0.311245054,0.437544044,0.221315299,0.15131711,0.84127335,0.314500286,0.796296296,0.094017094
96,MoNbTaVW,BCC,2,0.143773325,0.585938385,0.290780142,0.083012055,0.856584769,0.714774504,0.361771602,0.453535856,0.231449893,0.131295508,0.910246491,0.349748033,0.7582846,0.082497213
97,MoNbTaVW,BCC,2,0.143773325,0.585938385,0.290780142,0.083012055,0.856584769,0.714774504,0.361771602,0.453535856,0.231449893,0.131295508,0.910246491,0.349748033,0.7582846,0.082497213
98,MoNbTaW,BCC,2,0.104670697,0.428746695,0.304964539,0.053814703,1,0.641328812,0.325574995,0.46813892,0.197927772,0.071335033,1,0.188509876,0.71125731,0.046079524
99,MoNbTaW,BCC,2,0.104670697,0.428746695,0.304964539,0.053814703,1,0.641328812,0.325574995,0.46813892,0.197927772,0.071335033,1,0.188509876,0.71125731,0.046079524
100,MoNbTiV,BCC,2,0.190778431,0.428746695,0.234042553,0.050227746,0.407182528,0.807809666,0.380291332,0.5445048,0.236906983,0.141987106,0.697579308,0.380398379,0.812378168,0.070605723
101,MoNbTiV0.25Zr,BCC,2,0.310839181,0.528898165,0.200667501,0.150466776,0.411390933,0.959942962,0.416752479,0.650619326,0.167432271,0.268573403,0.728086659,0.330757581,0.813109162,0.206614641
102,MoNbTiV0.3Zr,BCC,2,0.313375033,0.538864198,0.201055583,0.151477604,0.40989713,0.956125866,0.415257975,0.645285381,0.169735831,0.271854591,0.726030214,0.331417301,0.812865497,0.209587514
103,MoNbTiV0.5Zr,BCC,2,0.322027465,0.565971567,0.202521671,0.15476922,0.404253873,0.941231512,0.409392534,0.62508344,0.178438166,0.283381358,0.718261425,0.333478747,0.811890838,0.219620959
104,MoNbTiV0.75Zr,BCC,2,0.330122317,0.581803445,0.204180664,0.157502801,0.397868082,0.923421735,0.402312331,0.602100942,0.188285546,0.294826798,0.709470426,0.334972008,0.811647173,0.228539576
105,MoNbTiV1.5Zr,BCC,2,0.342771804,0.575180701,0.20825274,0.159794878,0.382193868,0.874857288,0.382679889,0.544884664,0.212456387,0.315991903,0.687892521,0.334637029,0.812134503,0.241174285
106,MoNbTiV2Zr,BCC,2,0.34541282,0.551612685,0.210401891,0.158438168,0.373921366,0.846030722,0.370829628,0.514036744,0.22521322,0.323181389,0.676504182,0.331978079,0.813352827,0.241917503
107,MoNbTiV3Zr,BCC,2,0.343824104,0.49128843,0.213779129,0.152528897,0.36092172,0.795354938,0.349696252,0.464242862,0.245259671,0.328576041,0.658608221,0.323878465,0.816764133,0.235600149
108,MoNbTiVZr,BCC,2,0.33593159,0.585938385,0.205673759,0.159072589,0.39212087,0.906458239,0.395506155,0.581274255,0.197148188,0.303722223,0.701558528,0.335527952,0.811403509,0.234856931
109,MoNbTiZr,BCC,2,0.295336078,0.428746695,0.19858156,0.144008554,0.419420126,0.97961132,0.424393193,0.679216476,0.15505064,0.249188397,0.739140046,0.326408745,0.814814815,0.188405797
110,MoTaTiV,BCC,2,0.190778431,0.428746695,0.234042553,0.082812379,0.591452509,0.659682001,0.303927587,0.335124142,0.209621535,0.142479867,0.72101249,0.438514716,0.813352827,0.092902267
111,NbTaTiV,BCC,2,0.180691093,0.428746695,0.19858156,0.092538911,0.553092347,0.338209604,0.166573769,0.388053012,0.186234009,0.145052485,0.754172654,0.466405696,0.871101365,0.080639168
112,NbTaTiVW,BCC,2,0.170483646,0.585938385,0.234042553,0.070551815,0.749458722,0.87654295,0.444368698,0.55364781,0.203384861,0.131230973,0.840565933,0.493891172,0.78460039,0.078781122
113,NbTaTiZr,BCC,2,0.231529205,0.428746695,0.163120567,0.085346116,0.565329944,0.510377324,0.20393302,0.472761547,0.104377665,0.188733212,0.795733392,0.400169868,0.932992203,0.099219621
114,NbTaVW,BCC,2,0.156063918,0.428746695,0.269503546,0.08217068,0.901157865,0.818899431,0.420301826,0.517989842,0.221315299,0.147553703,0.933237537,0.378012798,0.759502924,0.095131921
115,NbTiV0.3Zr,BCC,2,0.29049523,0.370334491,0.14807651,0.141326926,0.328565234,0.249029259,0.040777027,0.271740785,0.138750242,0.25619533,0.698075036,0.375939128,0.907163743,0.166852471
116,NbTiVZr,BCC,2,0.342920792,0.428746695,0.163120567,0.166619584,0.320577991,0.265766391,0.059150623,0.340624888,0.178438166,0.314147888,0.672377584,0.366199034,0.869883041,0.232255667
117,Al0.5CoCrFeNiTi,BCC+Im,5,0.347012782,0.697468151,0.517730496,0.37503684,0.379455384,0.426740454,0.256152238,0.253259821,0.632014441,0.347914662,0.375986012,0.166797023,0.402046784,0.253437384
118,Al1.285CuMnNi,BCC+Im,5,0.264355517,0.424257875,0.579301042,0.069022213,0.347061115,0.560443069,0.272826097,0.486723568,0.726785154,0.300575663,0.239737922,0.313485742,0.533382066,0.146042363
119,Al1.5CoCrFeMo0.5Ni,BCC+Im,5,0.303678694,0.68365685,0.482269504,0.237893385,0.375960965,0.588114865,0.29390938,0.369749075,0.661780384,0.3043986,0.369809513,0.431757037,0.546296296,0.208101078
120,Al2CuMnNi,BCC+Im,5,0.271764961,0.39062559,0.489361702,0.054517479,0.293467006,0.629091801,0.304685852,0.493208491,0.692963753,0.310126994,0.23572455,0.291696887,0.48708577,0.165737644
121,Al5.333CoCrCuFeMnNiTiV,BCC+Im,5,0.308198025,0.805205672,0.333342908,0.275046921,0.24021662,0.623963787,0.373098168,0.457865116,0.5838243,0.297185965,0.300013262,0.367892629,0.407651072,0.189520624
122,AlC0.1CoCrFeNi,BCC+Im,5,0.400698237,0.631692847,0.537199277,0.263437722,0.377059211,0.49402882,0.511083458,0.435364437,0.741878841,0.317622217,0.352046069,0.290570399,0.504873294,0.229654404
123,AlC0.2CoCrFeNi,BCC+Im,5,0.489210382,0.65717309,0.528641571,0.373525223,0.368369793,0.537568053,0.62052295,0.527703423,0.764925373,0.350376222,0.362882724,0.362319668,0.446881092,0.314381271
124,AlC0.3CoCrFeNi,BCC+Im,5,0.56113917,0.674992754,0.520406798,0.459662587,0.360008277,0.57807672,0.68065345,0.589665347,0.787102225,0.379713579,0.373310448,0.415467372,0.393274854,0.392790784
125,AlC0.4CoCrFeNi,BCC+Im,5,0.622251064,0.68796584,0.512477016,0.531424772,0.351956447,0.616111361,0.715565945,0.633493825,0.808457711,0.406310303,0.38335196,0.457057298,0.344054581,0.465254552
126,AlC0.5CoCrFeNi,BCC+Im,5,0.675544084,0.697468151,0.50483559,0.59324828,0.34419741,0.652076527,0.735752287,0.665312646,0.829036635,0.430641552,0.393028327,0.490605996,0.298489279,0.532144184
127,AlC1.5CoCrFeNi,BCC+Im,5,1,0.70484495,0.441352973,0.960843177,0.279737724,0.942177111,0.714108284,0.740513626,1,0.599271694,0.473416602,0.634871755,0,0.979561501
128,AlCCoCrFeNi,BCC+Im,5,0.871138952,0.714373348,0.470449173,0.816213503,0.309281747,0.809514068,0.746740627,0.733885411,0.921641791,0.528140135,0.436571976,0.590707828,0.119395712,0.798216276
129,AlCo0.5CrFeMo0.5Ni,BCC+Im,5,0.287669179,0.683594783,0.503546099,0.256555731,0.398710345,0.555074176,0.268099341,0.337034653,0.660221215,0.28991351,0.38375152,0.44201749,0.583089669,0.199554069
130,AlCo1.5CrFeMo0.5Ni,BCC+Im,5,0.27085983,0.68365685,0.553191489,0.249820249,0.424283787,0.495948649,0.24416207,0.299177317,0.691664446,0.284677729,0.384547364,0.400003543,0.59917154,0.184689706
131,AlCoCrFe0.6Mo0.5Ni,BCC+Im,5,0.283623744,0.690093915,0.520511751,0.268615015,0.40902832,0.54855649,0.266897807,0.330530909,0.668811928,0.296279197,0.38537095,0.436159349,0.568226121,0.205128205
132,AlCoCrFe1.5Mo0.5Ni,BCC+Im,5,0.273061481,0.68365685,0.541371158,0.237893385,0.416517619,0.495687046,0.242710756,0.301291669,0.686467217,0.278193487,0.3829262,0.401084784,0.613791423,0.178372352
133,AlCoCrFe1Mo0.5Ni,BCC+Im,5,0.279057039,0.697468151,0.530625403,0.254049367,0.412659495,0.523223001,0.255373911,0.316691114,0.677372068,0.287990803,0.384185617,0.419562057,0.59039961,0.192493497
134,AlCoCrFe2Mo0.5Ni,BCC+Im,5,0.266998559,0.658078334,0.550463721,0.223606531,0.419782185,0.471796288,0.23161148,0.287632898,0.694163113,0.269018957,0.38186054,0.384688096,0.63377193,0.166109253
135,AlCoCrFeMo0.2Ni,BCC+Im,5,0.280439552,0.65717309,0.539552646,0.17879778,0.397334521,0.487412687,0.257938969,0.298154721,0.700759595,0.284498917,0.359141577,0.315898149,0.57748538,0.162393162
136,AlCoCrFeMo0.3Ni,BCC+Im,5,0.280060673,0.674992754,0.536464606,0.208230812,0.402635613,0.501971482,0.257214288,0.305553282,0.69266957,0.285965191,0.367804609,0.358238665,0.581871345,0.173169825
137,AlCoCrFeMo0.4Ni,BCC+Im,5,0.279596463,0.68796584,0.533490938,0.232939782,0.407740368,0.513726537,0.256351452,0.311658539,0.684879176,0.287115995,0.376146789,0.391972173,0.58625731,0.18320327
138,AlCoCrFeMo0.5,BCC+Im,5,0.296555587,0.565971567,0.43892829,0.243907056,0.380824626,0.592768421,0.281190094,0.361105853,0.625399787,0.28305569,0.38125591,0.469072434,0.617446394,0.196952806
139,AlCoCrFeMo0.5Ni,BCC+Im,5,0.279057039,0.697468151,0.530625403,0.254049367,0.412659495,0.523223001,0.255373911,0.316691114,0.677372068,0.287990803,0.384185617,0.419562057,0.59039961,0.192493497
140,AlCoCrFeMo0.5Ni0.5,BCC+Im,5,0.287669179,0.683594783,0.489361702,0.251606871,0.398333804,0.555012114,0.267443918,0.337052491,0.653984542,0.28719523,0.382867249,0.442404321,0.598440546,0.196209588
141,AlCoCrFeNb0.25Ni,BCC+Im,5,0.29848917,0.666811272,0.531239446,0.273980687,0.392703613,0.459561294,0.27033178,0.310453375,0.692221292,0.314603592,0.369830567,0.410088547,0.514619883,0.170568562
142,AlCoCrFeNb0.5Ni,BCC+Im,5,0.311285494,0.697468151,0.517730496,0.370374763,0.398710345,0.470340729,0.280212762,0.337592925,0.668867513,0.33738278,0.396243858,0.516518585,0.471978558,0.196952806
143,AlCoCrFeNb0.75Ni,BCC+Im,5,0.320668961,0.710825872,0.505396238,0.434392009,0.404194754,0.47936204,0.288770752,0.360867412,0.647544498,0.352896539,0.42036034,0.580416524,0.437865497,0.218506132
144,AlCoCrFeNiSi,BCC+Im,5,0.328862306,0.714373348,0.470449173,0.131404458,0.311321347,0.471187174,0.290261536,0.319082561,0.760527719,0.261227079,0.355808555,0.183781719,0.432748538,0.133779264
145,AlCoCrFeNiSi0.8,BCC+Im,5,0.322656127,0.712173283,0.483492296,0.127002607,0.324213564,0.467843842,0.285388217,0.312999459,0.753179913,0.265002165,0.353216726,0.183868622,0.450779727,0.134894091
146,AlCoCrFeNiTi1.5,BCC+Im,5,0.370586622,0.70484495,0.441352973,0.399706952,0.329919116,0.504125962,0.3016208,0.315824168,0.582622601,0.360063474,0.370569079,0.210540508,0.297270955,0.2909699
147,AlCrCuFeNiTi,BCC+Im,5,0.343690342,0.714373348,0.517730496,0.331535444,0.347092786,0.50623766,0.329141754,0.307303764,0.622801173,0.333913558,0.335765079,0.255527749,0.528021442,0.225938313
148,AlCrFeNiMo,BCC+Im,5,0.287722363,0.585938385,0.460992908,0.323292499,0.411324485,0.6096456,0.270622167,0.37206352,0.602531983,0.284221627,0.426727092,0.549486654,0.607699805,0.233742103
149,AlCrFeNiMo0.8,BCC+Im,5,0.291267489,0.583380273,0.464539007,0.302089957,0.400200822,0.606986141,0.275458768,0.369906498,0.616304638,0.286660845,0.410412291,0.525929812,0.596978558,0.224451877
150,C0.1Hf0.5Mo0.5NbTiZr,BCC+Im,5,0.479186411,0.60479627,0.161390763,0.424097744,0.442953968,0.923925163,0.830023148,0.828554728,0.139649098,0.315866405,0.735247097,0.323192678,0.673001949,0.427722036
151,C0.3Hf0.5Mo0.5NbTiZr,BCC+Im,5,0.715352823,0.652418149,0.158172522,0.729936647,0.418872827,1,1,1,0.223400233,0.436254716,0.743633377,0.320735973,0.338206628,0.855444073
152,CrCuFeNiZr,BCC+Im,5,0.531970698,0.585938385,0.631205674,0.63049762,0.459898334,0.493736771,0.282336388,0.257654965,0.630597015,0.621953269,0.410102797,0.440094695,0.562134503,0.617242661
153,CrHfNbTiZr,BCC+Im,5,0.432642232,0.585938385,0.177304965,0.363072459,0.472135931,0.324430213,0.385985795,0.390414709,0.137899787,0.37934036,0.64531889,0.45088159,0.776803119,0.487922705
154,CrMo0.5NbTa0.5TiZr,BCC+Im,5,0.400283624,0.683594783,0.219858156,0.32940883,0.472135931,0.758741262,0.389486739,0.526660354,0.214299041,0.360554067,0.681397148,0.505873194,0.757553606,0.399108138
155,Hf0.5Mo0.5NbSi0.1TiZr,BCC+Im,5,0.333656374,0.60479627,0.161390763,0.238134695,0.443252446,0.87520237,0.36779551,0.600456357,0.116071429,0.244520902,0.72342806,0.334858525,0.7582846,0.188777406
156,Hf0.5Mo0.5NbSi0.3TiZr,BCC+Im,5,0.40980485,0.652418149,0.158172522,0.36359483,0.419726613,0.859115395,0.36289519,0.589138614,0.155957133,0.261598143,0.709825434,0.352991328,0.570419103,0.20327016
157,Hf0.5Mo0.5NbSi0.5TiZr,BCC+Im,5,0.465591474,0.674478675,0.155240347,0.450771595,0.398291966,0.843804311,0.358104701,0.578349723,0.192297441,0.275402668,0.69743193,0.367690263,0.415935673,0.214418432
158,Hf0.5Mo0.5NbSi0.7TiZr,BCC+Im,5,0.508769786,0.683661764,0.152557718,0.516940265,0.378681544,0.829213046,0.353430062,0.568053534,0.225544958,0.286675413,0.686093192,0.379705743,0.288255361,0.22296544
159,Hf0.5Mo0.5NbSi0.9TiZr,BCC+Im,5,0.543216531,0.684988448,0.15009408,0.569338728,0.360671973,0.815290349,0.348874477,0.558216643,0.256078391,0.295940962,0.675680065,0.389578283,0.182504873,0.229654404
160,HfMo0.5NbSi0.3TiV0.5,BCC+Im,5,0.398439876,0.652418149,0.174666007,0.354139489,0.488248404,0.691887428,0.319099038,0.522731361,0.165022066,0.261411187,0.694402102,0.374863056,0.59039961,0.211817168
161,HfMo0.5NbSi0.5TiV0.5,BCC+Im,5,0.445390871,0.674478675,0.171000788,0.434911703,0.463768343,0.684707167,0.316799006,0.516896547,0.200959488,0.268291515,0.682694079,0.386684182,0.45248538,0.214046823
162,HfMo0.5NbSi0.7TiV0.5,BCC+Im,5,0.481976838,0.683661764,0.167647503,0.496435181,0.441371692,0.677550353,0.314399253,0.511094088,0.233838407,0.27374889,0.671982484,0.396291818,0.338693957,0.215533259
163,HfNbSi0.5TiV,BCC+Im,5,0.456849081,0.565971567,0.155240347,0.438129025,0.419838506,0.137978338,0.075365204,0.279533944,0.211353945,0.293830083,0.653021873,0.392964182,0.457358674,0.230397622
164,HfNbSi0.5TiVZr,BCC+Im,5,0.475304228,0.697468151,0.143778208,0.425028384,0.403845002,0.270253288,0.089370906,0.282358455,0.179855592,0.327343409,0.664740698,0.351637006,0.492446394,0.280193237
165,HfNbTiVZr,BCC+Im,5,0.347340169,0.585938385,0.14893617,0.180706996,0.450484797,0.286402942,0.093763891,0.296112988,0.100479744,0.306510869,0.688117608,0.324968484,0.877436647,0.264957265
166,Al0.10CoCrFeMnNi,FCC,1,0.17417883,0.631692847,0.645668196,0.124695465,0.462888516,0.195061079,0.130727805,0.332190581,0.756247648,0.081820989,0.321946177,0.291379623,0.744883041,0.019695281
167,Al0.158CuMnNi,FCC,1,0.186043037,0.32727957,0.803754059,0.100773767,0.480810813,0.334467831,0.166801798,0.447140041,0.811189996,0.140806707,0.249753714,0.358280769,0.788011696,0.036417689
168,Al0.20CoCrFeMnNi,FCC,1,0.192064587,0.65717309,0.632296781,0.122207189,0.453453682,0.229014108,0.146582513,0.342783149,0.751132729,0.12170936,0.319825527,0.292951222,0.72002924,0.033444816
169,Al0.25CoCrCu0.75FeNiTi0.5,FCC,1,0.264755175,0.769492241,0.659574468,0.280161416,0.44432321,0.35896086,0.232695537,0.192853841,0.715642566,0.272032955,0.354924284,0.183001202,0.696637427,0.142697882
170,Al0.25CoCrFeNi,FCC,1,0.161929134,0.528898165,0.651230705,0.114627417,0.459123101,0.277964297,0.16857501,0.127956779,0.758081964,0.159868275,0.363558931,0.100397666,0.70662768,0.051282051
171,Al0.25CoFeNi,FCC,1,0.186221099,0.357597111,0.735951991,0.02566875,0.48002882,0.236597869,0.113944562,0.152717992,0.821295309,0.192231965,0.371657413,0.109562677,0.728557505,0.064288369
172,Al0.2CrCuFeNi2,FCC,1,0.133311844,0.469372325,0.768685215,0.100731821,0.484228705,0.323816719,0.212502535,0.146266233,0.793110341,0.125197164,0.34091199,0.17571376,0.872807018,0.034559643
173,Al0.375CoCrFeNi,FCC,1,0.1949655,0.551096463,0.631205674,0.111342579,0.445213217,0.315306017,0.187932018,0.163877453,0.750430247,0.194722396,0.359219315,0.120393306,0.675925926,0.070234114
174,Al0.38CoCrFeMnNi,FCC,1,0.217625901,0.68568232,0.609480872,0.117904545,0.437354838,0.279466596,0.171139766,0.360232402,0.742405042,0.170205131,0.31620702,0.295312949,0.680311891,0.054998142
175,Al0.3CoCrCuFeNi,FCC,1,0.159472548,0.674992754,0.726482002,0.089129514,0.473858786,0.332128487,0.221599978,0.170535267,0.775629098,0.151430917,0.33680507,0.177900941,0.871345029,0.044593088
176,Al0.4CrCuFeNi2,FCC,1,0.180412601,0.507120659,0.738376675,0.096921785,0.465267536,0.36456518,0.231781309,0.185677961,0.781894101,0.17917037,0.336125337,0.187263713,0.82334308,0.059085842
177,Al0.5CoCrCuFeNi,FCC,1,0.197812548,0.697468151,0.698259188,0.08550125,0.455619454,0.369927428,0.239796176,0.20561258,0.765252471,0.194790017,0.332254791,0.188362527,0.825779727,0.066889632
178,Al0.5CoCrCuFeNiTi0.2,FCC,1,0.237244774,0.76085285,0.676993903,0.179256687,0.444638495,0.38339085,0.247470924,0.216258136,0.743021266,0.240060668,0.337083728,0.197432965,0.764376218,0.104422148
179,Al0.5CoCrCuFeNiV0.2,FCC,1,0.197076894,0.76085285,0.681970885,0.154584125,0.449559958,0.372469888,0.243617279,0.201038983,0.751227416,0.195631953,0.339938217,0.217038804,0.802631579,0.070977332
180,Al0.6CrCuFeNi2,FCC,1,0.212605268,0.529940485,0.710233029,0.093286619,0.447660736,0.399499503,0.248786881,0.217545854,0.771479021,0.214950671,0.331680589,0.196812886,0.780701754,0.080267559
181,Al0.8CrCuFeNi2,FCC,1,0.236527366,0.543800184,0.684030325,0.089813932,0.431268198,0.430030548,0.263969799,0.244374718,0.761782222,0.240650556,0.327542374,0.20478509,0.743908382,0.098104794
182,Al1.125CuFe0.75NiTi1.125,FCC,1,0.350988628,0.578999592,0.514184397,0.394282575,0.318201073,0.580067427,0.275787065,0.330216172,0.61305637,0.349418465,0.334055488,0.296304025,0.367202729,0.257153475
183,AlCuFeNiTi,FCC,1,0.351282073,0.585938385,0.546099291,0.374589812,0.33827544,0.55806208,0.269380727,0.315131361,0.636833689,0.349241122,0.335470322,0.283417566,0.42714425,0.248606466
184,AlCuNiTi,FCC,1,0.335553042,0.428746695,0.517730496,0.425669781,0.308105055,0.591168404,0.259167755,0.345858377,0.599413646,0.352603142,0.327069747,0.320071229,0.275584795,0.262356001
185,CoCrCu0.5FeNi,FCC,1,0.027955091,0.565971567,0.738376675,0.107156662,0.49755248,0.229663415,0.162028756,0.06652307,0.78478145,0.012085926,0.357085836,0.120370268,0.886695906,0.004459309
186,CoCrCuFeNi,FCC,1,0.038596487,0.585938385,0.773049645,0.094917964,0.503953685,0.261053335,0.189166815,0.097485085,0.792750533,0.009959045,0.344313032,0.157697133,0.953703704,0.003716091
187,CoCrCuFeNiTi0.5,FCC,1,0.231998824,0.697468151,0.711154094,0.281263754,0.471109,0.315837898,0.216809635,0.150071149,0.732651677,0.238634972,0.355728167,0.177895559,0.789230019,0.11557042
188,CoCrFeMnNi,FCC,1,0.152405215,0.585938385,0.659574468,0.127258091,0.472700744,0.154183555,0.112609259,0.320867166,0.761567164,0.016265626,0.324151652,0.289598808,0.77168616,0.005202527
189,CoCrFeMnNiV0.25,FCC,1,0.154161996,0.666811272,0.639311044,0.193766706,0.463663748,0.182220847,0.130736187,0.31138175,0.742708651,0.052009955,0.334965024,0.313308132,0.744395712,0.016350799
190,CoCrFeNi,FCC,1,0,0.428746695,0.695035461,0.12160983,0.489550974,0.178006555,0.119336465,0,0.774820096,0.014113208,0.37305184,0.034790725,0.781432749,0.005574136
191,CoCrFeNi,FCC,1,0,0.428746695,0.695035461,0.12160983,0.489550974,0.178006555,0.119336465,0,0.774820096,0.014113208,0.37305184,0.034790725,0.781432749,0.005574136
192,CoCrFeNiTi,FCC,1,0.328318146,0.585938385,0.574468085,0.396352432,0.420173209,0.337477717,0.209388452,0.172657004,0.646188699,0.336723586,0.392417376,0.094804976,0.483674464,0.239687848
193,CoCuFeMnNi,FCC,1,0.147957404,0.585938385,0.80141844,0.079224978,0.506777746,0.208413097,0.111239552,0.337241484,0.823933902,0.011277899,0.302575439,0.320853099,0.917641326,0.002229654
194,CoCuFeMnNiSn0.03,FCC,1,0.18025584,0.604885012,0.7971885,0.08898569,0.506166896,0.221265961,0.11791938,0.337303126,0.823896705,0.159987168,0.301769575,0.321915167,0.916910331,0.03604608
195,CoCuFeNi,FCC,1,0.044560224,0.428746695,0.872340426,0.009225101,0.532147228,0.239414433,0.127002929,0.107851531,0.852778518,0.004952727,0.346081574,0.179608222,1,0.001114827
196,CoCuFeNiSn0.02,FCC,1,0.106013566,0.445970543,0.868459123,0.024618107,0.531511463,0.249058848,0.132002822,0.110243486,0.852603984,0.144432459,0.345192904,0.182970126,0.999512671,0.030471944
197,CoCuFeNiSn0.04,FCC,1,0.14498234,0.458206733,0.864616249,0.038320208,0.530881992,0.25834281,0.13682455,0.112570306,0.852431179,0.21945553,0.344313032,0.186228844,0.999025341,0.059457451
198,CoCuFeNiSn0.05,FCC,1,0.161024539,0.463550969,0.862709045,0.044664082,0.530569589,0.262859943,0.139173522,0.113710256,0.852345416,0.249302521,0.343876355,0.187821204,0.998781676,0.073578595
199,CoFeNi,FCC,1,0.0016302,0.22609136,0.80141844,0.021362958,0.52234146,0,0,0.00482978,0.848880597,0,0.384989499,0,0.847222222,0
200,CoFeNiSi0.25,FCC,1,0.092648873,0.357597111,0.746863066,0.033950234,0.477349583,0.152658125,0.077861029,0.104529989,0.85847548,0.090729507,0.388526583,0.014409401,0.708820663,0.025641026
201,CoFeNiV,FCC,1,0.114736235,0.428746695,0.659574468,0.382664878,0.462487056,0.243122561,0.119990195,0.022248681,0.728045043,0.136681678,0.426550238,0.171286489,0.621345029,0.062058714
202,CrCuFeMoNi,FCC,1,0.163310496,0.585938385,0.687943262,0.334134014,0.529181964,0.46562203,0.205607179,0.23391938,0.677372068,0.205256453,0.430264176,0.536752873,0.986598441,0.166852471
203,CuMnNiZn,FCC,1,0.215554335,0.428746695,0.943262411,0.083132406,0.478019392,0.430611932,0.197789369,0.525811816,0.735840885,0.202081944,0.151541948,0.81602049,0.749512671,0.082868822
204,CuMnNiZn0.75,FCC,1,0.208715265,0.423814117,0.924349882,0.088437078,0.483934231,0.405094658,0.188260416,0.510183141,0.754291045,0.187338986,0.171585424,0.744825472,0.765838207,0.07172055
205,Al0.25CuMnNiZn1.75,FCC+BCC,3,0.230788887,0.496790681,0.936170213,0.065326102,0.439423892,0.510053108,0.231080856,0.555039657,0.682049574,0.23602089,0.109450647,0.934972254,0.690545809,0.112597547
206,Al0.333CuMnNi,FCC+BCC,3,0.211281467,0.377632906,0.758946107,0.094855254,0.454110124,0.388044733,0.191899092,0.457173126,0.794340108,0.201502508,0.247754244,0.350254464,0.721247563,0.065031587
207,Al0.3CrFe1.5MnNi0.5,FCC+BCC,3,0.226777876,0.496003969,0.544120073,0.061918904,0.408036314,0.28733168,0.173110862,0.393019391,0.707830242,0.150899756,0.298043036,0.309896085,0.738547758,0.044221479
208,Al0.43CoCrFeMnNi,FCC+BCC,3,0.223588664,0.691136194,0.60341157,0.116747534,0.433072355,0.291742431,0.177261695,0.364747782,0.740083374,0.180586827,0.315244454,0.295872907,0.670321637,0.060572278
209,Al0.49CoCrFeMnNi,FCC+BCC,3,0.23021968,0.696647852,0.596274335,0.115380058,0.428036341,0.305691918,0.184278678,0.369992189,0.737353193,0.191806817,0.314112519,0.296494466,0.658869396,0.067261241
210,Al0.56CoCrFeMnNi,FCC+BCC,3,0.237313765,0.701860784,0.588142252,0.113812754,0.422298366,0.321016432,0.192056642,0.375882937,0.734242457,0.203463692,0.312822805,0.297153823,0.645955166,0.074321813
211,Al0.5CoCrCu0.5FeNiTi0.5,FCC+BCC,3,0.290999597,0.786246694,0.607994842,0.279013287,0.417537419,0.398975536,0.248038066,0.230276599,0.698633456,0.296797158,0.354120402,0.187983177,0.607212476,0.167967298
212,Al0.5CoCrCuFeNiTi0.4,FCC+BCC,3,0.266212709,0.787674464,0.657170333,0.240110725,0.434402009,0.39521936,0.254307129,0.225499552,0.722297261,0.271911303,0.341585281,0.20448838,0.711013645,0.136752137
213,Al0.5CoCrCuFeNiTi0.6,FCC+BCC,3,0.288506311,0.801435185,0.638646669,0.284448436,0.424836768,0.405654912,0.260417122,0.233568266,0.702932207,0.295405867,0.345791649,0.209999216,0.664717349,0.164251208
214,Al0.5CoCrCuFeNiV0.4,FCC+BCC,3,0.19617216,0.787674464,0.666786873,0.201821629,0.443911277,0.374474081,0.246938977,0.196692834,0.738153211,0.195955938,0.347100734,0.238239424,0.782407407,0.074321813
215,Al0.5CoCrFeNi,FCC+BCC,3,0.220056631,0.565971567,0.612293144,0.108183776,0.432076103,0.347713585,0.205045917,0.1934315,0.743203625,0.220747841,0.355120789,0.136549698,0.648635478,0.087328131
216,Al0.5CoFeNi,FCC+BCC,3,0.247183709,0.404436143,0.679837893,0.027883516,0.443760842,0.340716483,0.165210359,0.22530139,0.797650777,0.258612253,0.36022991,0.155315089,0.643031189,0.110739502
217,Al0.62CoCrFeMnNi,FCC+BCC,3,0.242905281,0.705433443,0.581333131,0.112492743,0.417493869,0.333431424,0.198407925,0.380747182,0.731637788,0.212416876,0.311742907,0.297665712,0.635721248,0.079895949
218,Al0.68CoCrFeMnNi,FCC+BCC,3,0.24809288,0.708288817,0.574667865,0.111193722,0.412790875,0.345252517,0.204494886,0.385449393,0.729088148,0.220548124,0.310685824,0.298131125,0.625730994,0.085470085
219,Al0.75CoCrFeMnNi,FCC+BCC,3,0.253685474,0.710825872,0.56706753,0.109703991,0.407428099,0.358367331,0.211291157,0.390740651,0.72618082,0.229132401,0.309480443,0.298618555,0.614766082,0.091415831
220,Al0.75CoCrFeNi,FCC+BCC,3,0.256196656,0.581803445,0.577454274,0.102213925,0.407876157,0.402104238,0.234348277,0.240844097,0.729891426,0.256989749,0.347570873,0.161465667,0.60331384,0.11557042
221,Al0.75CoFeNi,FCC+BCC,3,0.282489288,0.423814117,0.631205674,0.028763713,0.412328595,0.414551032,0.201520478,0.276464188,0.777158849,0.294172715,0.350326075,0.184534091,0.580653021,0.144184318
222,Al0.81CoCrFeMnNi,FCC+BCC,3,0.258122727,0.712400017,0.560698722,0.108448584,0.402934285,0.369082433,0.216876302,0.395117224,0.723744582,0.235812514,0.308470377,0.298991301,0.605994152,0.096618357
223,Al0.88CoCrFeMnNi,FCC+BCC,3,0.262923526,0.713618762,0.553432721,0.107008318,0.397807414,0.381025446,0.223134734,0.400047139,0.720965145,0.242911563,0.30731802,0.29937656,0.596003899,0.102192493
224,Al0.8CoCrCuFeNi,FCC+BCC,3,0.236527366,0.712173283,0.659574468,0.080370913,0.430618989,0.417314876,0.263376874,0.247583218,0.751029336,0.236782791,0.326017769,0.200849061,0.769249513,0.094760312
225,Al0.95CoCrFeMnNi,FCC+BCC,3,0.267356518,0.71424756,0.546337684,0.105593564,0.392801176,0.392418967,0.229137007,0.404796562,0.718251106,0.249348781,0.306192777,0.299711361,0.586744639,0.10739502
226,Al1.2CrCuFeNi2,FCC+BCC,3,0.269712212,0.555103178,0.636696408,0.083311889,0.401655871,0.481264678,0.290059383,0.287801011,0.744265424,0.274472034,0.320066891,0.217144328,0.684697856,0.127090301
227,Al1.3CoCrCuFeNi,FCC+BCC,3,0.27592573,0.710605644,0.603287178,0.072556204,0.394242651,0.479444002,0.295443807,0.3003263,0.730334298,0.276616761,0.316942738,0.215644605,0.698099415,0.128948346
228,Al1.5CoCrCuFeNi,FCC+BCC,3,0.286552979,0.70484495,0.583196945,0.069658763,0.381259097,0.500033384,0.30634231,0.317370581,0.722947761,0.286583756,0.31370365,0.220037672,0.676169591,0.1393534
229,Al1.8CoCrCuFeNi,FCC+BCC,3,0.298936543,0.692938977,0.55527743,0.065530659,0.363215775,0.527437119,0.321056243,0.339773672,0.712682648,0.297543192,0.30920227,0.225407497,0.648391813,0.152359718
230,Al1CoCrCuFeNi,FCC+BCC,3,0.255040732,0.714373348,0.635933806,0.077141266,0.415340927,0.444274282,0.277137993,0.270736863,0.74233742,0.255965291,0.322206256,0.207524851,0.737816764,0.109996284
231,Al2.0CoCrCuFeNi,FCC+BCC,3,0.305358845,0.683454422,0.537993921,0.062913125,0.352046099,0.543735441,0.329922391,0.352955766,0.706328054,0.302842215,0.306415702,0.228312297,0.633040936,0.15942029
232,Al2.3CoCrCuFeNi,FCC+BCC,3,0.312892396,0.667662824,0.51384436,0.059172004,0.336439156,0.565689223,0.342005987,0.370553423,0.697449032,0.308556171,0.302522141,0.231841832,0.613547758,0.168338907
233,Al2.5CoCrCuFeNi,FCC+BCC,3,0.316790362,0.656407145,0.498817967,0.056792684,0.326728168,0.578875726,0.3493453,0.38103834,0.691924307,0.311198709,0.30009948,0.233728531,0.602582846,0.173169825
234,AlCoCrCuFeMnNiTiV,FCC+BCC,3,0.294297781,1,0.517730496,0.343690096,0.369214597,0.435843339,0.275520892,0.352101414,0.628864606,0.295364928,0.34254449,0.361821725,0.557992203,0.17539948
235,AlCoCrCuFeNi,FCC+BCC,3,0.255040732,0.714373348,0.635933806,0.077141266,0.415340927,0.444274282,0.277137993,0.270736863,0.74233742,0.255965291,0.322206256,0.207524851,0.737816764,0.109996284
236,AlCoCrCuFeNiTi,FCC+BCC,3,0.332729145,0.822963561,0.558257345,0.329257703,0.376386816,0.47570643,0.297642833,0.292442134,0.655098233,0.334774022,0.343302436,0.237504424,0.529239766,0.219992568
237,AlCoCrCuFeNiV,FCC+BCC,3,0.239114177,0.822963561,0.57852077,0.271625417,0.396424201,0.437467078,0.283140714,0.244963972,0.688508986,0.239543327,0.354924284,0.294173251,0.669346979,0.110739502
238,AlCoCuFeNi,FCC+BCC,3,0.272054909,0.585938385,0.687943262,0.013522838,0.420173209,0.473512538,0.236097773,0.294818817,0.780277186,0.283050571,0.319199735,0.230753004,0.718079922,0.129691564
239,AlCoCuFeNiSi,FCC+BCC,3,0.32769947,0.714373348,0.588652482,0.054420526,0.339718849,0.491107403,0.248021904,0.319524528,0.8125,0.264087114,0.337828378,0.23607473,0.567007797,0.12746191
240,AlCoCuFeNiTi,FCC+BCC,3,0.343690342,0.714373348,0.588652482,0.362269597,0.373921366,0.510516806,0.249050291,0.308671281,0.67217484,0.353816899,0.344313032,0.258842739,0.452729045,0.244890375
241,AlCrCuFeNi2,FCC+BCC,3,0.255040732,0.551612685,0.659574468,0.086492447,0.415968496,0.457073433,0.277648666,0.267515333,0.752731876,0.259836846,0.323680041,0.211486015,0.712231969,0.113712375
242,CrCuFeMnNi,FCC+BCC,3,0.147957404,0.585938385,0.716312057,0.095368724,0.474583451,0.256962372,0.189091301,0.336126716,0.764685501,0.005120342,0.292317895,0.304041964,0.940789474,0.001858045
243,CuMnNiZn1.615,FCC+BCC,3,0.222891592,0.411330239,0.98106698,0.071416838,0.466196122,0.47414505,0.213540174,0.552796361,0.698960554,0.218300286,0.11147671,0.943180088,0.725633528,0.099219621
244,CuMnNiZn2,FCC+BCC,3,0.223677499,0.39062559,1,0.064923225,0.460274875,0.492114041,0.219691216,0.563763549,0.680490405,0.221126493,0.091411518,1,0.718567251,0.104422148
245,Al0.5CoCrCuFeNiTi,FCC+BCC+Im,6,0.32027624,0.808318946,0.605019094,0.345181198,0.407472176,0.423086834,0.270810763,0.246870465,0.667777186,0.326833673,0.353427826,0.217641284,0.589912281,0.209215905
246,Al0.5CoCrCuFeNiTi0.8,FCC+BCC+Im,6,0.306122948,0.807456577,0.621299111,0.31841674,0.415878843,0.414891388,0.265892874,0.240644214,0.68479668,0.31318484,0.349730947,0.214301075,0.624756335,0.188405797
247,Al0.5CoCrCuFeNiTi1.2,FCC+BCC+Im,6,0.331769819,0.805542831,0.589711019,0.366640371,0.399567399,0.430371931,0.275234974,0.252362866,0.65177378,0.337387937,0.356903996,0.220206752,0.559697856,0.22705314
248,Al0.5CoCrCuFeNiTi1.4,FCC+BCC+Im,6,0.341167342,0.800118218,0.575290369,0.384040964,0.39212087,0.436856035,0.279220005,0.257216643,0.636698109,0.345562984,0.360178648,0.222141583,0.533382066,0.242660721
249,Al0.5CoCrCuFeNiTi1.6,FCC+BCC+Im,6,0.348880734,0.792729971,0.56168215,0.398252289,0.385093864,0.442631599,0.28281253,0.261511055,0.622471771,0.351873111,0.363268814,0.223558717,0.510233918,0.256410256
250,Al0.5CoCrCuFeNiTi1.8,FCC+BCC+Im,6,0.355220445,0.783871493,0.548819586,0.409906894,0.378451899,0.447777475,0.286052839,0.265312784,0.609024958,0.356699333,0.366189655,0.224547883,0.490497076,0.267930137
251,Al0.5CoCrCuFeNiTi2,FCC+BCC+Im,6,0.360426118,0.77390864,0.536643026,0.419479909,0.372164172,0.452361436,0.288975941,0.26867845,0.596295309,0.360330615,0.368954718,0.225181202,0.472953216,0.277963582
252,Al0.5CoCrCuFeNiV0.6,FCC+BCC+Im,6,0.195134864,0.801435185,0.652598535,0.236985944,0.438633,0.376015294,0.249825087,0.192555894,0.725936331,0.19587038,0.353793577,0.254424785,0.765107212,0.076923077
253,Al0.5CoCrCuFeNiV0.8,FCC+BCC+Im,6,0.193994071,0.807456577,0.639311044,0.264261369,0.433689852,0.37715675,0.252329321,0.188611904,0.714495126,0.195459383,0.360061478,0.267015662,0.750243665,0.079152731
254,Al0.5CoCrCuFeNiV1.0,FCC+BCC+Im,6,0.192773065,0.808318946,0.626841244,0.28593183,0.429050898,0.377951896,0.254497259,0.184846324,0.703757996,0.194788933,0.365943662,0.276919978,0.73708577,0.080639168
255,AlCo2CrFeMo0.5Ni,FCC+BCC+Im,6,0.263126019,0.658078334,0.57228587,0.24462983,0.434119726,0.472251155,0.2341863,0.283892918,0.703757996,0.280543927,0.384853458,0.382768266,0.608918129,0.176885916
256,AlCoCrCuFeMnNi,FCC+BCC+Im,6,0.250203513,0.822963561,0.619047619,0.089221785,0.413906483,0.406826551,0.251999653,0.38111026,0.737511422,0.234083867,0.294541205,0.292656236,0.721491228,0.09178744
257,AlCoCrFeMo0.5Ni1.5,FCC+BCC+Im,6,0.27085983,0.68365685,0.56501182,0.253391224,0.424597571,0.495983732,0.244667623,0.299164719,0.696861674,0.286728276,0.385284256,0.39971054,0.588693957,0.186919361
258,AlCoCrFeMo0.5Ni2,FCC+BCC+Im,6,0.263126019,0.658078334,0.59410802,0.250853564,0.43469902,0.472306043,0.235087831,0.283871195,0.713352878,0.284176645,0.386213875,0.382249422,0.590643275,0.180973616
259,AlCoCuFeNiZr,FCC+BCC+Im,6,0.500998571,0.714373348,0.588652482,0.623175249,0.405456713,0.593391959,0.264034812,0.350521846,0.656583156,0.578793862,0.385579013,0.461315848,0.311403509,0.555183946
260,AlCrCuFeNi,FCC+BCC+Im,6,0.272054909,0.585938385,0.602836879,0.069104975,0.387978914,0.485739091,0.310522358,0.293589125,0.721028785,0.264590379,0.308942191,0.213365448,0.747807018,0.118543292
261,AlCrCuFeNi0.6,FCC+BCC+Im,6,0.279437362,0.574137446,0.573234659,0.05415125,0.373375653,0.493797062,0.327003209,0.305135462,0.704488041,0.264394249,0.301252877,0.210432401,0.775341131,0.118543292
262,AlCrCuFeNi0.8,FCC+BCC+Im,6,0.27571066,0.583380273,0.588652482,0.062510638,0.380981518,0.490270032,0.318468964,0.299298717,0.713103012,0.264711527,0.305257728,0.212316905,0.760233918,0.118543292
263,AlCrCuFeNi1.2,FCC+BCC+Im,6,0.26847852,0.583928265,0.615930169,0.074340835,0.394438048,0.480552167,0.303099046,0.288031983,0.728344883,0.264115049,0.312343233,0.213775899,0.737573099,0.117800074
264,AlCrCuFeNi1.4,FCC+BCC+Im,6,0.264986745,0.578702003,0.628053586,0.07850809,0.400418728,0.474948493,0.296144116,0.28264151,0.735119048,0.263352792,0.315492347,0.213694946,0.729044834,0.117056856
265,CoCrCuFeMnNiTiV,FCC+BCC+Im,6,0.267544713,0.917028683,0.588652482,0.364477021,0.41883178,0.337009044,0.228936155,0.296148476,0.646188699,0.266950875,0.358903504,0.34757127,0.68079922,0.150873281
266,Al0.167CuMnNiSn0.167,FCC+Im,4,0.323244044,0.426757818,0.76580854,0.156962501,0.47560855,0.402635099,0.204006172,0.4378959,0.810649637,0.508587925,0.245528765,0.355897666,0.778996101,0.277591973
267,Al0.2CuMnNiZn0.8,FCC+Im,4,0.224670026,0.516872816,0.879432624,0.082558322,0.457168408,0.449699455,0.209876958,0.516960603,0.737400053,0.223117743,0.169581077,0.738103014,0.713937622,0.092902267
268,Al0.375CuMnNiZn0.375,FCC+Im,4,0.228139269,0.521470515,0.796690307,0.08627902,0.442232263,0.443958658,0.212671282,0.492336829,0.757409382,0.232901732,0.207663682,0.568380557,0.689327485,0.092530658
269,Al0.429CuMnNiZn0.857,FCC+Im,4,0.236500277,0.558804036,0.834413876,0.076470492,0.430358146,0.49054654,0.229539208,0.522432868,0.720494753,0.247414568,0.167591694,0.731039843,0.669590643,0.111111111
270,Al0.5B0.2CoCrCuFeNi,FCC+Im,4,0.389799507,0.76085285,0.672016922,0.277019269,0.437470996,0.362153879,0.307491732,0.200798875,0.779675401,0.22611851,0.343040923,0.245663101,0.764132554,0.112969156
271,Al0.5B0.4CoCrCuFeNi,FCC+Im,4,0.506773301,0.787674464,0.647553793,0.393381058,0.420552942,0.354800408,0.345360821,0.196235561,0.793120505,0.251849186,0.353095792,0.284585491,0.710769981,0.152731327
272,Al0.5B0.6CoCrCuFeNi,FCC+Im,4,0.594255451,0.801435185,0.624694803,0.48005587,0.404744268,0.347830508,0.368239093,0.191901769,0.805683963,0.273502833,0.362491325,0.312966805,0.664717349,0.186919361
273,Al0.5BCoCrCuFeNi,FCC+Im,4,0.72262403,0.808318946,0.583196945,0.606461674,0.376045446,0.334916218,0.390838937,0.183850659,0.828491471,0.308048453,0.379547831,0.350945376,0.589668616,0.242660721
274,Al0.5CoCrFeMo0.5Ni,FCC+Im,4,0.233412312,0.683594783,0.588652482,0.272521006,0.456697731,0.43722741,0.203857741,0.242684105,0.69608209,0.252933598,0.40143694,0.400123295,0.65960039,0.165737644
275,Al0.75CuMnNi,FCC+Im,4,0.245441477,0.423814117,0.669030733,0.082383231,0.400530296,0.48102266,0.235603752,0.474313484,0.760527719,0.269192192,0.24374194,0.332844536,0.611598441,0.112597547
276,Al8Cu0.5Li0.5Mg0.5Zn0.5,FCC+Im,4,0.182576828,0,0.04964539,0.052118593,0.007860303,0.377087478,0.177151989,0.295720209,0.427905117,0.197656891,0.162330054,0.470605769,0.818957115,0.051282051
277,Al8Li0.5Mg0.5Sn0.5Zn0.5,FCC+Im,4,0.188475894,0,0,0.10594365,0,0.2899019,0.151999866,0.253507513,0.425566365,0.264561828,0.159235106,0.469353787,0.860136452,0.081010777
278,AlCuMnNi,FCC+Im,4,0.256505253,0.428746695,0.624113475,0.075819801,0.373764473,0.52220971,0.254937144,0.481177668,0.743636727,0.288199597,0.241737593,0.323423325,0.568469786,0.131178001
279,AlLi0.5MgSn0.2Zn0.5,FCC+Im,4,0.277330822,0.495002855,0.070035461,0.234088381,0.004283159,0.620990712,0.321905704,0.552849345,0.179412647,0.322198494,0,0.914759464,0.779727096,0.141583055
280,CoCrCuFeNiTi,FCC+Im,4,0.298896779,0.714373348,0.659574468,0.362858431,0.443738429,0.353844261,0.237033548,0.183434747,0.682569296,0.309752343,0.36524078,0.188348188,0.676169591,0.191750279
281,CoCrCuFeNiTi0.8,FCC+Im,4,0.277329276,0.712173283,0.679139154,0.336345957,0.45412037,0.340138479,0.229642699,0.171614901,0.701566061,0.287675457,0.361632547,0.184969755,0.716617934,0.164622817
282,CoCrFeMnNiV0.5,FCC+Im,4,0.155209443,0.697468151,0.620889749,0.23782133,0.455448298,0.204151681,0.145318423,0.302569565,0.725564547,0.073749483,0.344795362,0.32961966,0.722222222,0.025641026
283,CoCrFeMnNiV0.75,FCC+Im,4,0.155721832,0.710825872,0.604070305,0.269204944,0.447947235,0.221861815,0.157378349,0.29435458,0.709911236,0.088739578,0.353770887,0.340965531,0.704434698,0.033073207
284,CoCrFeMnNiV1.0,FCC+Im,4,0.155826204,0.714373348,0.588652482,0.292368515,0.44107126,0.236451993,0.167532923,0.286672263,0.695562367,0.099625673,0.361998453,0.348822768,0.689814815,0.039390561
285,CoCrFeMo0.5Ni,FCC+Im,4,0.130169678,0.565971567,0.659574468,0.293919963,0.510522242,0.312341381,0.125226919,0.120106986,0.718949893,0.171438599,0.422521892,0.369133942,0.768031189,0.121516165
286,CoCrFeNb0.103Ni,FCC+Im,4,0.102902574,0.486852703,0.683462887,0.22445288,0.49043715,0.203222061,0.134555104,0.072205503,0.759848773,0.130453695,0.387558476,0.242941878,0.7417154,0.03604608
287,CoCrFeNb0.155Ni,FCC+Im,4,0.127721287,0.504520621,0.677838373,0.262632372,0.49086785,0.214548929,0.141482849,0.095901066,0.752572395,0.16403785,0.394609006,0.295460344,0.723440546,0.050167224
288,CoCrFeNb0.206Ni,FCC+Im,4,0.147412642,0.518631018,0.672457111,0.294710539,0.491279923,0.224910255,0.147868592,0.115719329,0.74561071,0.190682773,0.40135461,0.33635434,0.706140351,0.063545151
289,CoCrFeNb0.309Ni,FCC+Im,4,0.178784482,0.540491741,0.661977487,0.348002848,0.492082405,0.243931062,0.159711981,0.149239184,0.732053325,0.232644159,0.414491194,0.399556314,0.673976608,0.088442958
290,CoCrFeNb0.412Ni,FCC+Im,4,0.203057494,0.556136763,0.651987166,0.390388288,0.492847419,0.260839961,0.170374122,0.177070635,0.719128946,0.264362044,0.42701442,0.446361331,0.644980507,0.111111111
291,CoCuFeMnNiSn0.05,FCC+Im,4,0.198681225,0.61384207,0.794396461,0.095115441,0.505763694,0.229453402,0.122184282,0.33733916,0.823872153,0.21614647,0.301237651,0.322605706,0.916666667,0.058342624
292,CoCuFeMnNiSn0.08,FCC+Im,4,0.223104903,0.625139599,0.790249623,0.103808431,0.505164844,0.241228562,0.12833042,0.337385798,0.823835687,0.281002601,0.300447619,0.323615948,0.916179337,0.090672612
293,CoCuFeMnNiSn0.10,FCC+Im,4,0.237731792,0.631692847,0.787512168,0.109300543,0.504769525,0.248773061,0.132275577,0.337412048,0.823811614,0.316572134,0.299926094,0.324272791,0.915935673,0.112225938
294,CoCuFeMnNiSn0.20,FCC+Im,4,0.297615371,0.65717309,0.774140753,0.133734482,0.502838543,0.283447266,0.150473646,0.337487693,0.82369403,0.44650889,0.297378647,0.3273667,0.914473684,0.213675214
295,CoCuFeNiSn0.07,FCC+Im,4,0.188919934,0.473186628,0.858922753,0.05651215,0.529949387,0.271662492,0.1437563,0.115945033,0.852175154,0.300082626,0.343009438,0.190935068,0.998294347,0.101820884
296,CoCuFeNiSn0.1,FCC+Im,4,0.223785981,0.485703102,0.853312576,0.072552441,0.529030429,0.284333559,0.15036496,0.119189399,0.851922877,0.361727541,0.341724922,0.19543739,0.997563353,0.142697882
297,CoCuFeNiSn0.2,FCC+Im,4,0.308375031,0.517104901,0.835190814,0.115685936,0.526062049,0.322732793,0.170471118,0.129163858,0.851107981,0.50282412,0.337575729,0.209145986,0.995126706,0.271274619
298,CoCuFeNiSn0.5,FCC+Im,4,0.45047692,0.565971567,0.785657998,0.196827776,0.517948477,0.414289477,0.218837664,0.153111844,0.848880597,0.706569529,0.326234602,0.241239729,0.988547758,0.589371981
299,CoFeMo0.2NiV,FCC+Im,4,0.135810011,0.517104901,0.646065518,0.406068857,0.472763501,0.306672881,0.145275535,0.095494402,0.706328054,0.170332083,0.445204146,0.268953339,0.629385965,0.100706057
300,CoFeMo0.4NiV,FCC+Im,4,0.150730312,0.554566614,0.633784655,0.422733669,0.482105723,0.344708244,0.160933573,0.132547848,0.686585336,0.192889558,0.462162244,0.324774819,0.636939571,0.132292828
301,CoFeMo0.6NiV,FCC+Im,4,0.161751906,0.574137446,0.622571693,0.434578871,0.490635577,0.369022433,0.171116582,0.156017423,0.668559377,0.208741545,0.477645725,0.361365452,0.644249513,0.157933854
302,CoFeMo0.8NiV,FCC+Im,4,0.170083798,0.583380273,0.612293144,0.442876,0.498454611,0.384920332,0.17784066,0.171961403,0.652035581,0.220136341,0.491838915,0.386648159,0.651072125,0.178743961
303,CoFeMoNi1.2V,FCC+Im,4,0.174744183,0.583928265,0.615930169,0.450533848,0.507581518,0.386597225,0.178715733,0.179133445,0.64738806,0.229172933,0.500760983,0.401346084,0.654483431,0.19509476
304,CoFeMoNi1.4V,FCC+Im,4,0.172998403,0.578702003,0.628053586,0.451635244,0.509371699,0.378405931,0.175357342,0.17531558,0.657160625,0.229541011,0.496931661,0.398058176,0.652534113,0.193979933
305,CoFeMoNi1.6V,FCC+Im,4,0.171240146,0.571174643,0.639311044,0.451978487,0.51103401,0.37066305,0.172156778,0.171670968,0.666235151,0.229575781,0.493375863,0.394712653,0.651315789,0.192121888
306,CoFeMoNi1.8V,FCC+Im,4,0.169480506,0.56198979,0.649792125,0.451699229,0.512581679,0.363329108,0.169102194,0.168187182,0.674683847,0.229335188,0.490065291,0.391333258,0.65082846,0.190263842
307,CoFeMoNi2V,FCC+Im,4,0.167727988,0.551612685,0.659574468,0.450907193,0.51402617,0.356369334,0.166182932,0.164852968,0.682569296,0.228866487,0.486975425,0.387938872,0.65082846,0.188034188
308,CoFeMoNiV,FCC+Im,4,0.176463017,0.585938385,0.602836879,0.448505089,0.505648122,0.39528195,0.182245164,0.183138321,0.636833689,0.228399931,0.504896651,0.404546461,0.657651072,0.196209588
309,CoFeNiSi0.5,FCC+Im,4,0.127114478,0.404436143,0.700101317,0.041994234,0.438785116,0.220208203,0.113243618,0.155113205,0.866699665,0.128642725,0.39155837,0.02239265,0.608674464,0.04384987
310,CoFeNiSi0.75,FCC+Im,4,0.1482705,0.423814117,0.659574468,0.047172132,0.405362578,0.266011112,0.137380403,0.189813833,0.873827292,0.150296287,0.394185918,0.027396165,0.535818713,0.057227796
311,CuMnNiSn0.158,FCC+Im,4,0.311102436,0.32727957,0.810850749,0.162022386,0.502428561,0.350031441,0.179698004,0.427443029,0.827571632,0.500936892,0.247541636,0.364019133,0.848196881,0.256410256
312,CuMnNiSn0.25Zn1.75,FCC+Im,4,0.319357283,0.496790681,0.943262411,0.142576779,0.461027958,0.523047908,0.242463588,0.539112775,0.698420842,0.468921678,0.107239969,0.935268766,0.729288499,0.285767373
313,CuMnNiSn0.2Zn0.8,FCC+Im,4,0.323825745,0.516872816,0.886524823,0.152016586,0.478772475,0.46317313,0.221531882,0.499266423,0.753771322,0.490726196,0.167370399,0.74013826,0.761695906,0.286510591
314,CuMnNiSn0.333,FCC+Im,4,0.400663878,0.377632906,0.773117737,0.202165839,0.497279366,0.416306337,0.215396508,0.418234841,0.827053174,0.664247179,0.243336868,0.361427259,0.835282651,0.48197696
315,CuMnNiSn0.75,FCC+Im,4,0.507429065,0.423814117,0.697399527,0.255471281,0.486946562,0.53169944,0.277931184,0.398093516,0.826012793,0.803156565,0.23489923,0.354013875,0.814327485,0.853957637
316,AlCoCrCuNiTiY,Im,7,0.690342578,0.822963561,0.456940223,0.754015233,0.330663923,0.578540686,0.370700059,0.471498331,0.503636156,0.868274292,0.345576276,0.239359038,0.418859649,0.869565217
317,AlCoCrCuNiTiY0.5,Im,7,0.578410663,0.808318946,0.495908347,0.627345773,0.345415246,0.542505891,0.351920735,0.406258338,0.563432836,0.745102096,0.34254449,0.248648052,0.431530214,0.607952434
318,AlCoCrCuNiTiY0.8,Im,7,0.653558274,0.821036663,0.4718398,0.712365812,0.336304135,0.56509193,0.363633783,0.447056603,0.526499592,0.832428276,0.344417064,0.242968638,0.423001949,0.775176514
319,AlCoCuFeNdNi,Im,7,0.5497607,0.714373348,0.56501182,1,0.413144435,0.686750316,0.340318142,0.488965233,0.313566098,1,0.301573266,0.246743775,0.587962963,0.798587886
320,AlCu0.2Li0.5MgZn0.5,Im,7,0.318238948,0.495002855,0.132092199,0.229098938,0.014108538,0.708180551,0.345254078,0.608533025,0.182336087,0.340971307,0.003868686,0.93318517,0.776315789,0.150873281
321,AlCu0.5Li0.5MgSn0.2,Im,7,0.38460127,0.495002855,0.04787234,0.215964817,0.031199991,0.794249822,0.374242698,0.691979632,0.242753865,0.416328785,0.059135625,0.809123931,0.741959064,0.258639911
322,CuMnNiSn,Im,7,0.539763502,0.428746695,0.659574468,0.272468234,0.481784807,0.583625793,0.30632887,0.387102378,0.82549307,0.827421046,0.230684205,0.349103362,0.80628655,1
